case_id,policy_domain,sql_events,raw_sql_events,logical_prisma_calls,network_response_bytes,one_request_ms,durable_window,durable_drain
SCALE_STANDALONE,GENERIC,9,10,5,6065,46.589,1,1
COGNITIVE_AUTH,GENERIC,11,12,8,8432,62.223,1,1
COGNITIVE_PUBLIC,GENERIC,8,9,5,8518,31.57,1,1
SJT_STANDALONE,GENERIC,10,11,7,16534,68.434,1,1
QUESTIONNAIRE_SCALE_AUTH,GENERIC,11,12,6,6120,57.772,1,1
QUESTIONNAIRE_FORM_AUTH,GENERIC,20,21,11,1447,90.048,1,1
QUESTIONNAIRE_SCALE_PUBLIC,GENERIC,11,12,6,6213,45.838,1,1
QUESTIONNAIRE_FORM_PUBLIC,GENERIC,21,22,12,1533,48.388,1,1
COMPOSITE_SCALE_AUTH,GENERIC,12,13,8,6131,64.903,1,1
COMPOSITE_SJT_AUTH,GENERIC,24,25,14,16562,96.244,1,1
COMPOSITE_FORM_AUTH,GENERIC,23,24,12,1453,70.699,1,1
COMPOSITE_SCALE_PUBLIC,GENERIC,9,10,5,6220,42.24,1,1
COMPOSITE_SJT_PUBLIC,GENERIC,21,22,11,16649,77.687,1,1
COMPOSITE_FORM_PUBLIC,GENERIC,21,22,10,1541,54.855,1,1
COMPOSITE_SCALE_AUTH_RELATIONAL,LEGACY_COURSE,13,14,9,1324,103.752,1,1
COMPOSITE_SCALE_AUTH_ORGANIZATION,ORGANIZATION_RUN,13,14,9,1326,46.107,1,1
