case_id,method,route_template,family,auth_mode,policy_domain,standalone_or_embedded,fresh_or_replay,last_unit,reference_versions,base_sha,head_sha,logical_calls_before,logical_calls_after,sql_statements_before,sql_statements_after,db_rows_or_bytes_before,db_rows_or_bytes_after,notes,evidence
SCALE_STANDALONE,POST,/api/scales/assessments/:assessmentId/submit,Scale,authenticated,GENERIC,standalone,fresh,YES,0,68afbe63672b42c9a2086f834d5ae46794c3c013,c91456d7f3c9c1b7e0a27b8351731acf2bdd7774,5,,9,,,,network_response_bytes=6065;single_sample_ms=46.6,server-version/perf/current-main-v1/evidence/query-baseline-20260923/route-baseline.json
COGNITIVE_AUTH,POST,/api/cognitive/sessions/:id/submit,Cognitive,authenticated,GENERIC,standalone_or_relational,fresh,YES,0,68afbe63672b42c9a2086f834d5ae46794c3c013,c91456d7f3c9c1b7e0a27b8351731acf2bdd7774,8,,11,,,,network_response_bytes=8432;single_sample_ms=62.2,server-version/perf/current-main-v1/evidence/query-baseline-20260923/route-baseline.json
COGNITIVE_PUBLIC,POST,/api/public/cognitive/sessions/:id/submit,Cognitive,public,GENERIC,standalone,fresh,YES,0,68afbe63672b42c9a2086f834d5ae46794c3c013,c91456d7f3c9c1b7e0a27b8351731acf2bdd7774,5,,8,,,,network_response_bytes=8518;single_sample_ms=31.6,server-version/perf/current-main-v1/evidence/query-baseline-20260923/route-baseline.json
SJT_STANDALONE,POST,/api/situational/attempts/:attemptId/submit,SJT,authenticated,GENERIC,standalone,fresh,YES,0,68afbe63672b42c9a2086f834d5ae46794c3c013,c91456d7f3c9c1b7e0a27b8351731acf2bdd7774,7,,10,,,,network_response_bytes=16534;single_sample_ms=68.4,server-version/perf/current-main-v1/evidence/query-baseline-20260923/route-baseline.json
QUESTIONNAIRE_SCALE_AUTH,POST,/api/questionnaires/assessments/:assessmentId/scales/:scaleAssessmentId/submit,Scale,authenticated,GENERIC,questionnaire,fresh,YES,0,68afbe63672b42c9a2086f834d5ae46794c3c013,c91456d7f3c9c1b7e0a27b8351731acf2bdd7774,6,,11,,,,network_response_bytes=6120;single_sample_ms=57.8,server-version/perf/current-main-v1/evidence/query-baseline-20260923/route-baseline.json
QUESTIONNAIRE_FORM_AUTH,POST,/api/questionnaires/assessments/:assessmentId/form-sections/:sectionId/submit,Form,authenticated,GENERIC,questionnaire,fresh,NO,0,68afbe63672b42c9a2086f834d5ae46794c3c013,c91456d7f3c9c1b7e0a27b8351731acf2bdd7774,11,,20,,,,network_response_bytes=1447;single_sample_ms=90.0,server-version/perf/current-main-v1/evidence/query-baseline-20260923/route-baseline.json
QUESTIONNAIRE_SCALE_PUBLIC,POST,/api/public/assessments/:sessionId/scale/:scaleAssessmentId/submit,Scale,public,GENERIC,questionnaire,fresh,YES,0,68afbe63672b42c9a2086f834d5ae46794c3c013,c91456d7f3c9c1b7e0a27b8351731acf2bdd7774,6,,11,,,,network_response_bytes=6213;single_sample_ms=45.8,server-version/perf/current-main-v1/evidence/query-baseline-20260923/route-baseline.json
QUESTIONNAIRE_FORM_PUBLIC,POST,/api/public/assessments/:sessionId/form-sections/:sectionId/submit,Form,public,GENERIC,questionnaire,fresh,NO,0,68afbe63672b42c9a2086f834d5ae46794c3c013,c91456d7f3c9c1b7e0a27b8351731acf2bdd7774,12,,21,,,,network_response_bytes=1533;single_sample_ms=48.4,server-version/perf/current-main-v1/evidence/query-baseline-20260923/route-baseline.json
COMPOSITE_SCALE_AUTH,POST,/api/composite-assessments/attempts/:attemptId/items/:itemId/scale/submit,Scale,authenticated,GENERIC,composite,fresh,NO,0,68afbe63672b42c9a2086f834d5ae46794c3c013,c91456d7f3c9c1b7e0a27b8351731acf2bdd7774,8,,12,,,,network_response_bytes=6131;single_sample_ms=64.9,server-version/perf/current-main-v1/evidence/query-baseline-20260923/route-baseline.json
COMPOSITE_SJT_AUTH,POST,/api/composite-assessments/attempts/:attemptId/items/:itemId/situational/:situationalAttemptId/submit,SJT,authenticated,GENERIC,composite,fresh,NO,0,68afbe63672b42c9a2086f834d5ae46794c3c013,c91456d7f3c9c1b7e0a27b8351731acf2bdd7774,14,,24,,,,network_response_bytes=16562;single_sample_ms=96.2,server-version/perf/current-main-v1/evidence/query-baseline-20260923/route-baseline.json
COMPOSITE_FORM_AUTH,POST,/api/composite-assessments/attempts/:attemptId/form-sections/:sectionId/submit,Form,authenticated,GENERIC,composite,fresh,NO,0,68afbe63672b42c9a2086f834d5ae46794c3c013,c91456d7f3c9c1b7e0a27b8351731acf2bdd7774,12,,23,,,,network_response_bytes=1453;single_sample_ms=70.7,server-version/perf/current-main-v1/evidence/query-baseline-20260923/route-baseline.json
COMPOSITE_SCALE_PUBLIC,POST,/api/public/composite-assessments/attempts/:attemptId/items/:itemId/scale/submit,Scale,public,GENERIC,composite,fresh,NO,0,68afbe63672b42c9a2086f834d5ae46794c3c013,c91456d7f3c9c1b7e0a27b8351731acf2bdd7774,5,,9,,,,network_response_bytes=6220;single_sample_ms=42.2,server-version/perf/current-main-v1/evidence/query-baseline-20260923/route-baseline.json
COMPOSITE_SJT_PUBLIC,POST,/api/public/composite-assessments/attempts/:attemptId/items/:itemId/situational/:situationalAttemptId/submit,SJT,public,GENERIC,composite,fresh,NO,0,68afbe63672b42c9a2086f834d5ae46794c3c013,c91456d7f3c9c1b7e0a27b8351731acf2bdd7774,11,,21,,,,network_response_bytes=16649;single_sample_ms=77.7,server-version/perf/current-main-v1/evidence/query-baseline-20260923/route-baseline.json
COMPOSITE_FORM_PUBLIC,POST,/api/public/composite-assessments/attempts/:attemptId/form-sections/:sectionId/submit,Form,public,GENERIC,composite,fresh,NO,0,68afbe63672b42c9a2086f834d5ae46794c3c013,c91456d7f3c9c1b7e0a27b8351731acf2bdd7774,10,,21,,,,network_response_bytes=1541;single_sample_ms=54.9,server-version/perf/current-main-v1/evidence/query-baseline-20260923/route-baseline.json
COMPOSITE_SCALE_AUTH_RELATIONAL,POST,/api/composite-assessments/attempts/:attemptId/items/:itemId/scale/submit,Scale,authenticated,LEGACY_COURSE,composite,fresh,NO,0,68afbe63672b42c9a2086f834d5ae46794c3c013,c91456d7f3c9c1b7e0a27b8351731acf2bdd7774,9,,13,,,,network_response_bytes=1324;single_sample_ms=103.8,server-version/perf/current-main-v1/evidence/query-baseline-20260923/route-baseline.json
COMPOSITE_SCALE_AUTH_ORGANIZATION,POST,/api/composite-assessments/attempts/:attemptId/items/:itemId/scale/submit,Scale,authenticated,ORGANIZATION_RUN,composite,fresh,NO,0,68afbe63672b42c9a2086f834d5ae46794c3c013,c91456d7f3c9c1b7e0a27b8351731acf2bdd7774,9,,13,,,,network_response_bytes=1326;single_sample_ms=46.1,server-version/perf/current-main-v1/evidence/query-baseline-20260923/route-baseline.json
