case_id,method,route_template,family,auth_mode,container,route_source,handler,pre_handler_guards,service,admission,parent_finalization,response_policy,planned_work
SCALE_STANDALONE,POST,/api/scales/assessments/:assessmentId/submit,Scale,authenticated,standalone,server-version/backend/src/routes/scales.ts,scaleController.submitFinalAssessment,authenticate;requireStudent,modules/scale/scale-final-submit.service.ts,UNIT,none_or_bound_parent,relational_result_projection_if_bound,P1-C04;P2-C04;P3-C02
COGNITIVE_AUTH,POST,/api/cognitive/sessions/:id/submit,Cognitive,authenticated,standalone_or_relational,server-version/backend/src/modules/cognitive/cognitive.routes.ts,cognitiveController.submitSessionFinal,authenticate;runOrLegacyRespondentAccess;relationalCognitiveFinalConsentGuard,modules/cognitive/final-submit.service.ts,UNIT,composite_if_bound,relational_result_projection_if_bound,P1-C04;P2-C04;P2-C06;P3-C02
COGNITIVE_PUBLIC,POST,/api/public/cognitive/sessions/:id/submit,Cognitive,public,standalone,server-version/backend/src/modules/cognitive/cognitive.public.routes.ts,cognitiveController.submitPublicSession,publicAssessmentRateLimiters;public_recovery_in_controller,modules/cognitive/final-submit.service.ts,UNIT,none_or_bound_parent,public_response_privacy,P1-C04;P2-C06;P3-C02
SJT_STANDALONE,POST,/api/situational/attempts/:attemptId/submit,SJT,authenticated,standalone,server-version/backend/src/routes/situational.ts,situationalController.submitFinal,authenticate;requireStudent,modules/situational/situational-final-submit.service.ts,UNIT,composite_if_bound,relational_result_projection_if_bound,P1-C04;P2-C02;P2-C03;P2-C05;P3-C02
SJT_TEACHER_STANDALONE,POST,/api/teacher/situational/attempts/:attemptId/submit,SJT,authenticated,standalone,server-version/backend/src/routes/sjtTeacherParticipation.ts,situationalController.submitFinal,authenticate;requireTeacher,modules/situational/situational-final-submit.service.ts,UNIT,none,owner_checked_frozen_narrative_projection,SJT_UPLOAD;P1-C04;P3-C02
QUESTIONNAIRE_SCALE_AUTH,POST,/api/questionnaires/assessments/:assessmentId/scales/:scaleAssessmentId/submit,Scale,authenticated,questionnaire,server-version/backend/src/routes/questionnaires.ts,questionnaireController.submitFinalScale,authenticate,modules/scale/scale-final-submit.service.ts,UNIT,questionnaire_if_last,questionnaire_authority_in_controller,P1-C04;P2-C04;P3-C02
QUESTIONNAIRE_FORM_AUTH,POST,/api/questionnaires/assessments/:assessmentId/form-sections/:sectionId/submit,Form,authenticated,questionnaire,server-version/backend/src/routes/questionnaires.ts,questionnaireController.submitFinalFormSection,authenticate,services/questionnaire-form-section.service.ts,UNIT,questionnaire_if_last,questionnaire_authority_in_controller,P1-C04;P3-C02
QUESTIONNAIRE_SCALE_PUBLIC,POST,/api/public/assessments/:sessionId/scale/:scaleAssessmentId/submit,Scale,public,questionnaire,server-version/backend/src/routes/public.ts,publicQuestionnaireController.submitFinalScale,publicAssessmentRateLimiters;requireQuestionnaireResume,modules/scale/scale-final-submit.service.ts,UNIT,questionnaire_if_last,public_response_privacy,P1-C04;P2-C04;P3-C02
QUESTIONNAIRE_FORM_PUBLIC,POST,/api/public/assessments/:sessionId/form-sections/:sectionId/submit,Form,public,questionnaire,server-version/backend/src/routes/public.ts,publicQuestionnaireController.submitFinalFormSection,publicAssessmentRateLimiters;requireQuestionnaireResume,services/questionnaire-form-section.service.ts,UNIT,questionnaire_if_last,public_response_privacy,P1-C04;P3-C02
COMPOSITE_SCALE_AUTH,POST,/api/composite-assessments/attempts/:attemptId/items/:itemId/scale/submit,Scale,authenticated,composite,server-version/backend/src/modules/composite/composite.routes.ts,compositeController.submitFinalScale,authenticate;runOrLegacyRespondentAccess;relationalFinalConsentGuard,modules/scale/scale-final-submit.service.ts,UNIT,composite_if_last,relational_result_projection,P1-C04;P2-C04;P3-C02
COMPOSITE_SJT_AUTH,POST,/api/composite-assessments/attempts/:attemptId/items/:itemId/situational/:situationalAttemptId/submit,SJT,authenticated,composite,server-version/backend/src/modules/composite/composite.routes.ts,compositeController.submitEmbeddedSituational,authenticate;runOrLegacyRespondentAccess;relationalFinalConsentGuard,modules/situational/situational-final-submit.service.ts,UNIT,composite_if_last,relational_result_projection,P1-C04;P2-C02;P2-C03;P3-C02
COMPOSITE_FORM_AUTH,POST,/api/composite-assessments/attempts/:attemptId/form-sections/:sectionId/submit,Form,authenticated,composite,server-version/backend/src/modules/composite/composite.routes.ts,compositeController.submitFinalFormSection,authenticate;runOrLegacyRespondentAccess;relationalFinalConsentGuard,modules/composite/final-submit.service.ts,UNIT,composite_if_last,relational_response_policy,P1-C04;P3-C02
COMPOSITE_SCALE_PUBLIC,POST,/api/public/composite-assessments/attempts/:attemptId/items/:itemId/scale/submit,Scale,public,composite,server-version/backend/src/modules/composite/composite.public.routes.ts,compositeController.publicSubmitFinalScale,publicAssessmentRateLimiters;public_recovery_in_controller,modules/scale/scale-final-submit.service.ts,UNIT,composite_if_last,public_response_privacy,P1-C04;P2-C04;P3-C02
COMPOSITE_SJT_PUBLIC,POST,/api/public/composite-assessments/attempts/:attemptId/items/:itemId/situational/:situationalAttemptId/submit,SJT,public,composite,server-version/backend/src/modules/composite/composite.public.routes.ts,compositeController.publicSubmitEmbeddedSituational,publicAssessmentRateLimiters;public_recovery_in_controller,modules/situational/situational-final-submit.service.ts,UNIT,composite_if_last,public_response_privacy,P1-C04;P2-C02;P2-C03;P3-C02
COMPOSITE_FORM_PUBLIC,POST,/api/public/composite-assessments/attempts/:attemptId/form-sections/:sectionId/submit,Form,public,composite,server-version/backend/src/modules/composite/composite.public.routes.ts,compositeController.publicSubmitFinalFormSection,publicAssessmentRateLimiters;public_recovery_in_controller,modules/composite/final-submit.service.ts,UNIT,composite_if_last,public_response_privacy,P1-C04;P3-C02
CAMPUS_COMPOSITE_FORM_AUTH,POST,/api/campus/composite-attempts/:attemptId/form-sections/:sectionId/submit,Form,authenticated_school,composite,server-version/backend/src/modules/campus/composite.routes.ts,compositeController.submitFinalFormSection,authenticateSchool;campusCompositeAccess;campusFinalConsent,modules/composite/final-submit.service.ts,UNIT,composite_if_last,school_run_population_and_relational_response_policy,HUISCHOOL_PR2
CAMPUS_COMPOSITE_SCALE_AUTH,POST,/api/campus/composite-attempts/:attemptId/items/:itemId/scale/submit,Scale,authenticated_school,composite,server-version/backend/src/modules/campus/composite.routes.ts,compositeController.submitFinalScale,authenticateSchool;campusCompositeAccess;campusFinalConsent,modules/scale/scale-final-submit.service.ts,UNIT,composite_if_last,school_run_population_and_relational_result_projection,HUISCHOOL_PR2
CAMPUS_COMPOSITE_SJT_AUTH,POST,/api/campus/composite-attempts/:attemptId/items/:itemId/situational/:situationalAttemptId/submit,SJT,authenticated_school,composite,server-version/backend/src/modules/campus/composite.routes.ts,compositeController.submitEmbeddedSituational,authenticateSchool;campusCompositeAccess;campusFinalConsent,modules/situational/situational-final-submit.service.ts,UNIT,composite_if_last,school_run_population_and_relational_result_projection,HUISCHOOL_PR2
