"测试编号","模块","角色","测试点","结果","证据/备注"
"R501","环境","测试","部署指纹确认（index-CV6R73cJ.js，新于R4的index-S8MLB_9N.js）","通过","r5_t01"
"R502","教师-新模块","教师","SJT题包管理页面与空白/示范Excel模板下载","通过","模板内容校验13个sheet；示范含分支/评分键/2400+验收行；上传步骤受IAB运行时限制未测,r5_t02"
"R503","教师-新模块","教师","SJT题包草稿列表空态","部分通过","空卡片无""暂无草稿""文案（UX-S3）,r5_t02"
"R504","教师-新模块","教师","综合测评创建（编码/课程绑定/发布）","通过","r5_t03"
"R505","教师-新模块","教师","综合测评添加模块（量表/认知/文字情境/表单四类）","通过","文字情境类型存在但题包不可用提示正确"
"R506","教师-新模块","教师","综合测评单元重排（上移/下移）","失败","全部""保存失败""（N-R5-2 P1）；对比问卷编辑器有明确错误文案"
"R507","教师-新模块","教师","人口学上下文区段首位规则与发布门","失败","区段不在首位时发布被拦且无法重排/取消勾选→死锁（N-R5-1 P1）"
"R508","教师-新模块","教师","移除FORM模块后区段视图一致性","失败","统一内容顺序仍显示孤儿区段且字段进入发布定义（N-R5-3 P1）；学生端可见4单元"
"R509","教师-新模块","教师","综合测评包列表与授权门控","通过","8个包全部正确显示""暂不可创建""（符合试点约束）"
"R510","教师-新模块","教师","历史泛化问卷入口与空态","通过",""
"R511","教师-新模块","教师","情境测评页与空态","通过","与SJT审核链未打通一致（题包暂不可用）"
"R512","教师-测评内容","教师","创建RT认知任务（类型/档位/次数）并发布","通过","Reaction Time v1.1.0 正式版"
"R513","教师-认知","教师","认知数据来源下拉列表问卷","通过","R4""不列问卷""已修复；正确列出嵌入该任务的问卷"
"R514","教师-认知","教师","专业报告读取认知记录","部分通过","综合测评路径记录可读（1条,10指标,质量门正确）；问卷路径记录缺失（N-R5-5）"
"R515","教师-认知","教师","认知CSV完整数据导出","部分通过","综合测评路径含完整试次级行(T001-T020含input_mode)；问卷路径0行"
"R516","教师-认知","教师","已发布认知任务归档","失败","3次点击静默无效（N-R5-6 P2）；疑似有记录任务不可归档但无提示"
"R517","教师-认知","教师","最大次数限制对内嵌运行的约束","失败","综合测评/问卷内嵌运行不计数,独立入口显示""第1次作答""可再次作答（N-R5-7 P2）"
"R518","教师-教学","教师","布置作业（单选题/分值）","通过","r5_t05"
"R519","教师-教学","教师","作业行""更多操作""菜单","失败","aria-expanded切换但无菜单渲染（N-R5-8 P2）→作业无法经UI删除"
"R520","教师-教学","教师","查看提交+一键批量批复+评语持久化","通过","1已批改,评语显示"
"R521","教师-教学","教师","创建打卡","通过",""
"R522","教师-教学","教师","创建课堂（课堂码生成）","通过","码244794"
"R523","教师-教学","教师","删除课堂","通过","但无确认对话框（UX-S4风险）"
"R524","教师-量表","教师","量表列表统计（6测评）","通过",""
"R525","教师-量表","教师","量表数据CSV导出（对话框/脱敏说明/字段预览/确认）","通过","2行数据：R4行4,1,3→8 + R5行3,4,2→9,evidence_r5_scale_export.csv"
"R526","教师-量表","教师","SAV(SPSS)格式导出","通过","SPSS System File,evidence_r5_scale_export.sav"
"R527","教师-量表","教师","废弃量表","通过","R4遗留清理项完成（已废弃状态）"
"R528","教师-问卷","教师","创建问卷（表单+量表+认知三单元）","通过",""
"R529","教师-问卷","教师","问卷编辑器重排校验","部分通过","校验生效但""人口学上下文区段必须排第一位""错误+相邻交换死锁（N-R5-1同源）"
"R530","教师-问卷","教师","发布问卷（表单区段在首位时）","通过",""
"R531","教师-问卷","教师","导出独立报告（JSON）","通过","backgroundValues/value=ok,expectedItems Q1-Q3,score 9,evidence_r5_questionnaireB_export.json"
"R532","教师-结果","教师","综合测评结果页（参与者表/进度/查看门）","部分通过","未完成运行""查看""禁用+摘要导出仅表头；进度显示0%与已提交2/4不符（UX-S5）"
"R533","教师-结果","教师","问卷B结果页与答卷详情（报告目录/表单值/量表分/RT质量门）","通过","总分9.0精确,RT质量limited正确拦截综合指数"
"R534","教师-结果","教师","报告分析/计量目录（R4遗留）","通过(重构)","旧计量目录已被单元级报告目录取代；群体报告需≥3人门槛（组织批次路径存在）"
"R535","管理员-测量方案","管理员","注册测量资源草稿（审核门存在）","通过","仅注册草稿未发布（符合约束）"
"R536","管理员-授权","管理员","测评内容授权页（Publish gate/自批声明/空记录）","通过",""
"R537","管理员-系统","管理员","系统管理菜单/用户管理/教师码/材料授权入口","通过","导航可达"
"R538","学生-登录","学生","学生登录与工作台","通过",""
"R539","学生-作业","学生","作业作答+提交+回显（含补充说明/提交时间/修改入口）","通过",""
"R540","学生-打卡","学生","打卡提交+成功toast+回显","通过",""
"R541","学生-问卷","学生","问卷A表单区段提交（年级预置字段）","失败","所有选项值均报""选项值无效""+版本恢复循环（N-R5-4 P1）"
"R542","学生-问卷","学生","问卷B全流程（手工选项表单→量表→RT20试次）","通过","表单值""一般""持久化；量表9.0；完成时间4分27秒"
"R543","学生-RT","学生","RT练习+正式20试次循环+反馈处理","通过","两个会话均完成"
"R544","学生-RT","学生","键盘输入捕获（R4修复回归）","通过","CSV T013 input_mode=keyboard实测证实"
"R545","学生-综合测评","学生","综合测评A量表+RT单元提交","通过","进度1/4→2/4"
"R546","学生-综合测评","学生","空表单区段单元处理","失败","""该区段没有字段""仅""保存并退出""→死路（N-R5-3连带P1）"
"R547","学生-历史","学生","认知测评历史列表","部分通过","仅显示独立任务会话,综合测评内嵌会话不显示（数据一致性/UX）"
"R548","学生-越权","学生","直接URL访问教师任务配置页","通过","正确拦截""当前账户无法访问此页面"""
"R549","家长","家长","登录/我的孩子/孩子概况与课程列表","通过",""
"R550","家长","家长","孩子报告空态文案","通过","""暂无获准查看的报告""说明清晰（与R2一致,未创建披露授权）"
"R551","响应式","测试","375×667（工作台/认知页/横幅折叠/汉堡菜单）","通过","横幅两行换行（轻微）,r5_v01/r5_v04"
"R552","响应式","测试","768×1024（问卷编辑页堆叠）","通过","r5_v02"
"R553","响应式","测试","1280×720（全站基线）","通过","侧栏标签两端对齐导致字间距异常（UX-S1）"
"R554","响应式","测试","1920×1080（学生首页最大宽度）","通过","r5_v05"
"R555","视觉","测试","专业报告排版/指标表/解读边界文案","通过","结构清晰；快照出现""平均反应时""疑似乱码未在视觉复核（疑似快照工件）"
